{
	"camera_data":
	{
		"location_worldframe": [ -105.14620208740234, 0, 170.13020324707031 ],
		"quaternion_xyzw_worldframe": [ 0, 0.4869999885559082, 0, 0.87339997291564941 ]
	},
	"objects": [
		{
			"class": "Model239517",
			"instance_id": 0,
			"visibility": 1,
			"location": [ 0, 9.9999997473787516e-05, 200 ],
			"quaternion_xyzw": [ -0.1932000070810318, 0.68019998073577881, -0.1932000070810318, 0.68019998073577881 ],
			"pose_transform": [
				[ 10.206299781799316, 0, 0, 0 ],
				[ 0, -5.3657999038696289, -8.6820001602172852, 0 ],
				[ 0, -8.6820001602172852, 5.3657999038696289, 0 ],
				[ 0, 9.9999997473787516e-05, 200, 1 ]
			],
			"cuboid_centroid": [ 4.2129998207092285, -3.7316000461578369, 198.28909301757812 ],
			"projected_cuboid_centroid": [ 653.597900390625, 347.95590209960938 ],
			"bounding_box":
			{
				"top_left": [ 209.22200012207031, 418.13409423828125 ],
				"bottom_right": [ 512.6505126953125, 889.16082763671875 ]
			},
			"cuboid": [
				[ 75.833999633789062, -67.170600891113281, 169.20440673828125 ],
				[ -67.407997131347656, -67.170600891113281, 169.20440673828125 ],
				[ -67.407997131347656, -6.0880999565124512, 268.03781127929688 ],
				[ 75.833999633789062, -6.0880999565124512, 268.03781127929688 ],
				[ 75.833999633789062, -1.3751000165939331, 128.5404052734375 ],
				[ -67.407997131347656, -1.3751000165939331, 128.5404052734375 ],
				[ -67.407997131347656, 59.707401275634766, 227.3739013671875 ],
				[ 75.833999633789062, 59.707401275634766, 227.3739013671875 ]
			],
			"projected_cuboid": [
				[ 926.835205078125, 105.93329620361328 ],
				[ 385.035400390625, 105.93329620361328 ],
				[ 479.04840087890625, 345.46328735351562 ],
				[ 821.07061767578125, 345.46328735351562 ],
				[ 1017.5758056640625, 353.15350341796875 ],
				[ 304.37701416015625, 353.15350341796875 ],
				[ 450.26348876953125, 528.061279296875 ],
				[ 853.45361328125, 528.061279296875 ]
			],
			"socketName": [],
			"socketLocation": [],
			"socket3DLocation": []
		}
	]
}