{
	"camera_data":
	{
		"location_worldframe": [ 105.14620208740234, 0, 170.13020324707031 ],
		"quaternion_xyzw_worldframe": [ 0.4869999885559082, 0, -0.87339997291564941, 0 ]
	},
	"objects": [
		{
			"class": "Model239517",
			"instance_id": 0,
			"visibility": 1,
			"location": [ 0, 9.9999997473787516e-05, 200 ],
			"quaternion_xyzw": [ -0.68019998073577881, 0.1932000070810318, 0.68019998073577881, -0.1932000070810318 ],
			"pose_transform": [
				[ -10.206299781799316, 0, 0, 0 ],
				[ 0, -5.3657999038696289, -8.6820001602172852, 0 ],
				[ 0, 8.6820001602172852, -5.3657999038696289, 0 ],
				[ 0, 9.9999997473787516e-05, 200, 1 ]
			],
			"cuboid_centroid": [ -4.2129998207092285, 0.13869999349117279, 195.8970947265625 ],
			"projected_cuboid_centroid": [ 626.23602294921875, 360.45330810546875 ],
			"bounding_box":
			{
				"top_left": [ 218.83290100097656, 389.6239013671875 ],
				"bottom_right": [ 505.89511108398438, 847.32977294921875 ]
			},
			"cuboid": [
				[ -75.833999633789062, 2.4953000545501709, 126.14839935302734 ],
				[ 67.407997131347656, 2.4951999187469482, 126.14849853515625 ],
				[ 67.407997131347656, 63.577701568603516, 224.98190307617188 ],
				[ -75.833999633789062, 63.577800750732422, 224.98190307617188 ],
				[ -75.833999633789062, -63.300300598144531, 166.81230163574219 ],
				[ 67.40789794921875, -63.300300598144531, 166.81239318847656 ],
				[ 67.40789794921875, -2.2177999019622803, 265.64581298828125 ],
				[ -75.833999633789062, -2.2177999019622803, 265.64581298828125 ]
			],
			"projected_cuboid": [
				[ 255.26460266113281, 372.65948486328125 ],
				[ 981.98699951171875, 372.65939331054688 ],
				[ 831.75372314453125, 540.85797119140625 ],
				[ 424.277099609375, 540.85809326171875 ],
				[ 349.05169677734375, 117.13929748535156 ],
				[ 898.62060546875, 117.13929748535156 ],
				[ 802.40081787109375, 354.65689086914062 ],
				[ 457.29901123046875, 354.65701293945312 ]
			],
			"socketName": [],
			"socketLocation": [],
			"socket3DLocation": []
		}
	]
}